package_path,size_bytes,sha256
README.md,3911,f6a808da062862bbf7947051defafee06be52cf2816ddbef1d72891dd894ca2b
RUN_INVENTORY.csv,1646,8c33492abfc425d85177cc19532233149bfb0605b2e5653a95274d473dc88abe
TOP_LEVEL_FILE_INVENTORY.csv,8278,4fbe23b1fddfacef570cd97f4ac1e5d6aeabe673a80c9ea1b1cf64160d7bf8a6
data/cross_model_replication_fixed_attack_rows.csv,4470467,bab53a175e82801f7aebce5694039b645e0a12f2c166be35dfd444ae055b389f
runs/evidence_package_v0_4_1_preserved_scoring/all_models_invalid_examples_v0_4_1.csv,716425,9c16124d0672475622264e87590e4b2a8c27bac0a13c87dd5600bd60ee3f6193
runs/evidence_package_v0_4_1_preserved_scoring/all_models_overrefusal_examples_v0_4_1.csv,1285102,4cec0bcdf4eaee9a0504a1013a784b0a8af3185a7d71fb183ef7e55c01d823f6
runs/evidence_package_v0_4_1_preserved_scoring/all_models_supported_injection_failures_v0_4_1.csv,2291808,4d6d5c14f66f45fcda5d4e4456b54e1829bb4abe2d3c904741b58750d535d500
runs/evidence_package_v0_4_1_preserved_scoring/all_models_unsupported_hallucination_failures_v0_4_1.csv,7428947,a8047e220757e31cca45d6d7b960a3d1f6feb463476ed54d6e7cb1b0853d0388
runs/evidence_package_v0_4_1_preserved_scoring/combined_all_models_results_preserved_scoring.csv,72328480,940dbda3c89e90823b1a9c475d4e96770b9008c5b0768614b7d9f7ce29b99e3e
runs/evidence_package_v0_4_1_preserved_scoring/evidence_package_v0_4_1_findings_memo.md,5732,07d828e082bb99e2d87e76d2adcc34a821832d3f03d2ebc8d4c768af6f13080f
runs/evidence_package_v0_4_1_preserved_scoring/figures/figure_01_final_accuracy_by_condition_v0_4_1.png,177237,33e00f184f31c05876ab469ea5af996def850c00cd2210c9fde18b40e521f22f
runs/evidence_package_v0_4_1_preserved_scoring/figures/figure_02_supported_accuracy_by_condition_v0_4_1.png,181133,b33f4d1c0f6290c72baba64af1b38fb761b4c87f6b9121bcc1ef5452b1356026
runs/evidence_package_v0_4_1_preserved_scoring/figures/figure_03_supported_injection_failure_by_condition_v0_4_1.png,185045,b7f19b347a419197f206b8fcdb9352bd0d5c25abfc7be24d3e68dadf46a93170
runs/evidence_package_v0_4_1_preserved_scoring/figures/figure_04_unsupported_hallucination_by_condition_v0_4_1.png,185177,240c80eb85673e00dfdafeec8e68c9a35b486f167d69410c103b7f263a09e143
runs/evidence_package_v0_4_1_preserved_scoring/figures/figure_05_unsupported_abstention_by_condition_v0_4_1.png,185430,92a021ff048316798b778eec8b2ea05f8df1ec527db6165769fe7a9b4d8f9eb2
runs/evidence_package_v0_4_1_preserved_scoring/figures/figure_06_overrefusal_by_condition_v0_4_1.png,178663,97c5bafa9b3c4f13e55bc0863cf6a4fb8bf38417bbe2075ea120578166720250
runs/evidence_package_v0_4_1_preserved_scoring/figures/figure_07_final_accuracy_heatmap_v0_4_1.png,204803,6fdb39bff886e88996a77ec4673dbc4beaf69760d986313dd1718987f3b6457a
runs/evidence_package_v0_4_1_preserved_scoring/figures/figure_08_supported_injection_failure_heatmap_v0_4_1.png,190064,034d96dfc1801c802b758bd478a04ba73e996a799673d11f78e4038675c67f7c
runs/evidence_package_v0_4_1_preserved_scoring/figures/figure_09_unsupported_hallucination_heatmap_v0_4_1.png,197304,1ff8eb1d247ab5c8f31db379e179a2a42f5d376990da1e88495597f34b4c402b
runs/evidence_package_v0_4_1_preserved_scoring/figures/figure_10_scenario_final_accuracy_heatmap_v0_4_1.png,590118,8fd826bac188af537238b4bc5f0d8c23c4e0dbbb7442266af1b552451b3014ec
runs/evidence_package_v0_4_1_preserved_scoring/figures/figure_11_scenario_supported_injection_failure_heatmap_v0_4_1.png,535013,40d8b06aae288e033fd5d0cbd1c145223736e4ad9d5b0840c48a670a3a7d5bb8
runs/evidence_package_v0_4_1_preserved_scoring/figures/figure_12_scenario_unsupported_hallucination_heatmap_v0_4_1.png,551529,7eed83706131f1378321c2476a30c929776dc75afe68df719546fd181eeaefdb
runs/evidence_package_v0_4_1_preserved_scoring/paired_mcnemar_tests_holm_all_models_v0_4_1.csv,54489,0dc6fb03a292419bb31be45d995b6375cd491eb52f929e5958ba115493e52371
runs/evidence_package_v0_4_1_preserved_scoring/paper_ready_family_summary_all_models_v0_4_1.csv,31941,7a74da8c634dd89d456911cbab654a89475abee887af90c6811e5224baf97745
runs/evidence_package_v0_4_1_preserved_scoring/paper_ready_headline_deltas_all_models_v0_4_1.csv,9991,fcf9a1cf52a676bb70b5816d56e3530621256842447b67fa03b42b3eff545fd0
runs/evidence_package_v0_4_1_preserved_scoring/paper_ready_master_results_table_all_models_v0_4_1.csv,4209,2ffe3677573efe995621e437a7f6c0a3306a821d48c98b71ec18ee43af963183
runs/evidence_package_v0_4_1_preserved_scoring/paper_ready_paired_tests_compact_all_models_v0_4_1.csv,45126,004b78a86224eea23253ee63617ad37a920ba6b586b4f0fead3457124b3abdcf
runs/evidence_package_v0_4_1_preserved_scoring/paper_ready_scenario_summary_all_models_v0_4_1.csv,91313,8ac09511d604f31254e32ea43cff9d5623934a49f0bb1dc85a01ce12471fb635
runs/evidence_package_v0_4_1_preserved_scoring/paper_ready_summary_all_models_v0_4_1.csv,10773,06f47ef7308a990123b2cde71e2a2b0190f044add60d7bd605350dc74824431b
runs/evidence_package_v0_4_1_preserved_scoring/paper_ready_wilson_ci_compact_all_models_v0_4_1.csv,11770,8097a638c507878675ed095940fc77aeacd7796cb375518d8450b07b1b6ff433
runs/evidence_package_v0_4_1_preserved_scoring/parser_audit_row_differences.csv,83179,90d0f9876b65d6fd361c4e469153382a6efe8eb601b23b33328114af4b088190
runs/evidence_package_v0_4_1_preserved_scoring/parser_audit_v04_common_vs_preserved.csv,5083,713c35674de34fdfffd07dceda470616cb3ad25236de6dfb8f78709012cd6b4e
runs/evidence_package_v0_4_1_preserved_scoring/wilson_95ci_by_condition_all_models_v0_4_1.csv,54690,ce72c49699b197b681bd36f28c0fa51ae98690892afabc02705d9a32a9a574f1
runs/open_ended_generation_v0_1/Qwen2.5-7B_open_ended_family_summary.csv,3435,1b12f9d8e80d10bf24b56ea017cf87db456053327f9c4ad938e2858cee86a1b8
runs/open_ended_generation_v0_1/Qwen2.5-7B_open_ended_invalid_examples.csv,677,6df282d5e015714393c37a219fa8aa694f5dc8d8d4c1e7d4c6391db74f7a6211
runs/open_ended_generation_v0_1/Qwen2.5-7B_open_ended_overrefusal_examples.csv,2251428,8b28d48c67e4fa79f1be509cd86355b58f262cbfa61e9277c74d63e7cbeb4759
runs/open_ended_generation_v0_1/Qwen2.5-7B_open_ended_results_PARTIAL.csv,12718281,3e60651d4a3181d3e61c41fdc5a281c3c03535427bc23282b188f2c65b6633f1
runs/open_ended_generation_v0_1/Qwen2.5-7B_open_ended_results_scored.csv,12718281,3e60651d4a3181d3e61c41fdc5a281c3c03535427bc23282b188f2c65b6633f1
runs/open_ended_generation_v0_1/Qwen2.5-7B_open_ended_scenario_summary.csv,11179,4199fd812c148d3b062434a971ef62992e4e03cb0b43271a88877a4f31906693
runs/open_ended_generation_v0_1/Qwen2.5-7B_open_ended_summary.csv,1475,c004c283baba5772081daabcce9e66744fb6a3dcd59d169903e785c0d320f4ca
runs/open_ended_generation_v0_1/Qwen2.5-7B_open_ended_supported_injection_failures.csv,1947200,a03d962f574f732d3df128ce29fba71bf9c9200e6b887378e706f0c3ab52e830
runs/open_ended_generation_v0_1/Qwen2.5-7B_open_ended_unsupported_hallucination_failures.csv,21619,c1e268fa06a38edc717637c2118b2df624c33d14e8587dfe8d5814974deb6206
runs/open_ended_generation_v0_2_role_aware_fact_only/Qwen2.5-7B_open_ended_v0_2_family_summary.csv,3376,86d37b673e73016c32ca3b5683956ff91301caa5d83f57ac2c66d493802072cc
runs/open_ended_generation_v0_2_role_aware_fact_only/Qwen2.5-7B_open_ended_v0_2_invalid_examples.csv,719,0a965f1cdbd28bcf1529c6b54670818deb39d9715e09aa8a48a254ac96474172
runs/open_ended_generation_v0_2_role_aware_fact_only/Qwen2.5-7B_open_ended_v0_2_overrefusal_examples.csv,2595304,0e4b3d88b31910825784b906891794be0983c6c321790137e4945084badbc5fd
runs/open_ended_generation_v0_2_role_aware_fact_only/Qwen2.5-7B_open_ended_v0_2_results_PARTIAL.csv,15003612,4d72f0decdc91971edffca6c2b76b5540634203cb6659e84df0ec36866759666
runs/open_ended_generation_v0_2_role_aware_fact_only/Qwen2.5-7B_open_ended_v0_2_results_scored.csv,15003612,4d72f0decdc91971edffca6c2b76b5540634203cb6659e84df0ec36866759666
runs/open_ended_generation_v0_2_role_aware_fact_only/Qwen2.5-7B_open_ended_v0_2_scenario_summary.csv,11548,6ae9ecd9c7f406c606502c6f545ab8aa85ad357d74bd4f92c60e961f39708352
runs/open_ended_generation_v0_2_role_aware_fact_only/Qwen2.5-7B_open_ended_v0_2_summary.csv,1433,b47b4cc65a14878fcd85e7ae499c1c909af9e29d2c8cfb4b46c5e9d6aede02a3
runs/open_ended_generation_v0_2_role_aware_fact_only/Qwen2.5-7B_open_ended_v0_2_supported_injection_failures.csv,2230634,3fd6ee9846569df299e51d10e82442856af2170862e083e2543660b15b8817a3
runs/open_ended_generation_v0_2_role_aware_fact_only/Qwen2.5-7B_open_ended_v0_2_unsupported_hallucination_failures.csv,12021,48b08e1cf47202d1467add4c0a4cfbbe30545ca805ceff4712ee6814ec4be0db
runs/open_ended_generation_v0_3_cross_model_package/combined_open_ended_v0_3_results_scored.csv,40790193,389a8026c99a25c95954498b56b5925c805e6d08dd7fe0b812d4dec7d9ea6364
runs/open_ended_generation_v0_3_cross_model_package/figures/figure_01_final_accuracy_open_ended_v0_3.png,118873,3bb0e55d30e635b1129803426a96fe4cf7222f418dcad7142f0c37837d03f4e0
runs/open_ended_generation_v0_3_cross_model_package/figures/figure_02_supported_accuracy_open_ended_v0_3.png,123252,0af47d345d0b5dbe0914a9e3b63a64dc8f40dc7800e5df75cbc49d55ceea168c
runs/open_ended_generation_v0_3_cross_model_package/figures/figure_03_supported_injection_failure_open_ended_v0_3.png,121784,a6a0820f6b7b55c8e502cb5a1db22b91590c3425712de6df5a728d69e134adc0
runs/open_ended_generation_v0_3_cross_model_package/figures/figure_04_overrefusal_open_ended_v0_3.png,120769,0c1a141c3303f09b782ac09b0513bfc020288df51616e5d342cb75750301c831
runs/open_ended_generation_v0_3_cross_model_package/figures/figure_05_unsupported_hallucination_open_ended_v0_3.png,121938,428776ed43f4b5d3c776637bf719b9810269ee51e822122a064b710aa2c35c07
runs/open_ended_generation_v0_3_cross_model_package/invalid_examples_open_ended_v0_3.csv,798,678d714564c5c726829c8a8c81a569d94c31e7e04a3e88fe0d66e92e3ff4a6e1
runs/open_ended_generation_v0_3_cross_model_package/open_ended_v0_3_cross_model_findings_memo.md,1876,cfd080fc9d19d9fe3985ad0ea8c1c23146ce81dbf2719e790aa14b18fe63fa3f
runs/open_ended_generation_v0_3_cross_model_package/overrefusal_examples_open_ended_v0_3.csv,3409892,c49b4c9141b5a59e2de0d432e605513c9ea8ef42ec0e26b7a12eca05fb0140b5
runs/open_ended_generation_v0_3_cross_model_package/paper_ready_family_summary_open_ended_v0_3.csv,10235,6dc5cba05e78d56c1d8df8cce842849ce0c82aaf80109cb4b79f62f9f980c878
runs/open_ended_generation_v0_3_cross_model_package/paper_ready_headline_deltas_open_ended_v0_3.csv,7722,750327d4593f0c80485da6755500f3aa69ba8620f0b5e65e6375542ebdd51089
runs/open_ended_generation_v0_3_cross_model_package/paper_ready_scenario_summary_open_ended_v0_3.csv,36113,52f3c4a7cfd8c3585e32baeca3247376ef4ae6d6d2d6a2718f823e8bdaec374c
runs/open_ended_generation_v0_3_cross_model_package/paper_ready_summary_open_ended_v0_3.csv,3795,df936c520abd7faa35489059cf1015b28fedfe6fe4b0cd30a464a12d177d1ceb
runs/open_ended_generation_v0_3_cross_model_package/paper_ready_wilson_ci_open_ended_v0_3.csv,5233,136365b1b8807924ff07111f870e7874a238cc769be05782afd611ef457789b5
runs/open_ended_generation_v0_3_cross_model_package/supported_injection_failures_open_ended_v0_3.csv,3474807,1f443337c1525ba78df66f3a543151185ad469bc4ca16ebf575a1151c7113b3a
runs/open_ended_generation_v0_3_cross_model_package/unsupported_hallucination_failures_open_ended_v0_3.csv,119971,613630a6ec27edf4cf9d71e90be6d48d463e2274a55e44171d3c247070c81a83
runs/open_ended_generation_v0_3_naturalized_fact_only/Mistral-Nemo-12B_open_ended_v0_3_family_summary.csv,3599,cd9a7520354acdce18f9bf84906a5d63b7954177a89c7dac9ebe76d485b78701
runs/open_ended_generation_v0_3_naturalized_fact_only/Mistral-Nemo-12B_open_ended_v0_3_invalid_examples.csv,702,30e4149985e794e2e27e59c9f0a16ca2c56716f7574acb664f8438e1d886dd55
runs/open_ended_generation_v0_3_naturalized_fact_only/Mistral-Nemo-12B_open_ended_v0_3_overrefusal_examples.csv,755649,704323421f6654bfc40114d8b44829f1b85e508639f173a38c3fa9c48b2456e2
runs/open_ended_generation_v0_3_naturalized_fact_only/Mistral-Nemo-12B_open_ended_v0_3_results_PARTIAL.csv,10917318,96248c7ee7a5dcf741041113e57ddc24ab8c983c354106fe93258fd4ea1f6651
runs/open_ended_generation_v0_3_naturalized_fact_only/Mistral-Nemo-12B_open_ended_v0_3_results_scored.csv,11143349,c6ede5fee7b3384f916f7b353f4ccbddbd3fd0d431eabd415334218a5ef036d1
runs/open_ended_generation_v0_3_naturalized_fact_only/Mistral-Nemo-12B_open_ended_v0_3_scenario_summary.csv,12834,0bf72794f5153800055f7ffa42c3d58718087749b0e124dd016ac18564055f3d
runs/open_ended_generation_v0_3_naturalized_fact_only/Mistral-Nemo-12B_open_ended_v0_3_summary.csv,1504,dbae90d9c0a6a5ca9f5daa525c6bf11bbb00ce669fcd11c7a3f1d22c13196d59
runs/open_ended_generation_v0_3_naturalized_fact_only/Mistral-Nemo-12B_open_ended_v0_3_supported_injection_failures.csv,951400,d11e6ff9ee079e832b38141bfce8a3b4c5703601e6b4109ee18eb854fce1357b
runs/open_ended_generation_v0_3_naturalized_fact_only/Mistral-Nemo-12B_open_ended_v0_3_unsupported_hallucination_failures.csv,702,30e4149985e794e2e27e59c9f0a16ca2c56716f7574acb664f8438e1d886dd55
runs/open_ended_generation_v0_3_naturalized_fact_only/Mistral-Small-24B_open_ended_v0_3_family_summary.csv,3885,1b5a64f798ab972cf41b60409fc2e9ae2f182a8ff86b0133a4573d79c288cefe
runs/open_ended_generation_v0_3_naturalized_fact_only/Mistral-Small-24B_open_ended_v0_3_invalid_examples.csv,708,ae42242d4848cff1c46888e70cc1bb37fbb89d0ec148ba80724aabf2090ac8aa
runs/open_ended_generation_v0_3_naturalized_fact_only/Mistral-Small-24B_open_ended_v0_3_overrefusal_examples.csv,123458,ff2adc77cc69428c42cb0485d1c59b42e3d3e693d392c1044af403c15247e12e
runs/open_ended_generation_v0_3_naturalized_fact_only/Mistral-Small-24B_open_ended_v0_3_results_PARTIAL.csv,10897987,237d2c8176edfa4cf4b27e34ed5f15f7665b0784def19f2d9a4fab5a01e37b16
runs/open_ended_generation_v0_3_naturalized_fact_only/Mistral-Small-24B_open_ended_v0_3_results_scored.csv,11124157,e0edce6c05867d9081ecb5782dd8a97a67790310d633d366e5071a54f186651a
runs/open_ended_generation_v0_3_naturalized_fact_only/Mistral-Small-24B_open_ended_v0_3_scenario_summary.csv,12337,a2f8d886b50ffb8df7142681dcab38d2823432e9a4604421f44edb44c59fcc68
runs/open_ended_generation_v0_3_naturalized_fact_only/Mistral-Small-24B_open_ended_v0_3_summary.csv,1511,1da07d1fd7bff7b26a189291e4c2b8fb5d200156026a61dc52710e24ddaa7927
runs/open_ended_generation_v0_3_naturalized_fact_only/Mistral-Small-24B_open_ended_v0_3_supported_injection_failures.csv,283273,0a965784719da91f4cad69af4ea3570f272b70cc1a00159366b7d3d7ddcf1967
runs/open_ended_generation_v0_3_naturalized_fact_only/Mistral-Small-24B_open_ended_v0_3_unsupported_hallucination_failures.csv,103824,32c0081b95a4abf3ac00a4624e0b83a6b86a1a00d61203e73de59264ff3ccd70
runs/open_ended_generation_v0_3_naturalized_fact_only/Qwen2.5-7B_open_ended_v0_3_family_summary.csv,3339,7758b1239d842aa3ddcea6e4a655142062f840fb683cecfbe1f10b4975bd2bfb
runs/open_ended_generation_v0_3_naturalized_fact_only/Qwen2.5-7B_open_ended_v0_3_invalid_examples.csv,719,a1d0d77d943a38d21036eaf6bed7129e727b4ca83caa0d24fe2e1136a5d1cf00
runs/open_ended_generation_v0_3_naturalized_fact_only/Qwen2.5-7B_open_ended_v0_3_overrefusal_examples.csv,2357741,dee07f2f6e42fc23121d5a619ad72b1d5a618d81085093479dfdd8cf951a8c69
runs/open_ended_generation_v0_3_naturalized_fact_only/Qwen2.5-7B_open_ended_v0_3_results_PARTIAL.csv,16140098,a8d6a9c0e8e773926d9880d52e9b66aedc4defb69aa1fdff51817bdaee291790
runs/open_ended_generation_v0_3_naturalized_fact_only/Qwen2.5-7B_open_ended_v0_3_results_scored.csv,16140098,a8d6a9c0e8e773926d9880d52e9b66aedc4defb69aa1fdff51817bdaee291790
runs/open_ended_generation_v0_3_naturalized_fact_only/Qwen2.5-7B_open_ended_v0_3_scenario_summary.csv,11544,8fa4e5e96d3fffa010c165a887971e4d83d715db4bd71fd5adc2572e8a89de13
runs/open_ended_generation_v0_3_naturalized_fact_only/Qwen2.5-7B_open_ended_v0_3_summary.csv,1354,2bbfaed8abf95cb014159cfabfd72199bf1ba76c0035a689fd41936524062797
runs/open_ended_generation_v0_3_naturalized_fact_only/Qwen2.5-7B_open_ended_v0_3_supported_injection_failures.csv,2055952,0194033b4ae0e6367a118387d5c67d98f13afa7d04ed49f52052d30a9e44b8aa
runs/open_ended_generation_v0_3_naturalized_fact_only/Qwen2.5-7B_open_ended_v0_3_unsupported_hallucination_failures.csv,8759,9ad2771ec917c5bdea7a5543a93d250e184b99380c1a078e628f23174ecc0d3e
runs/open_ended_generation_v0_4_qwen_wording_ablation/Qwen2.5-7B_open_ended_v0_4_wording_ablation_PARTIAL.csv,26872303,42b9418f3fd2cdf0186b9e07c1ecab239da8fd361c7cca203dce71f281609180
runs/open_ended_generation_v0_4_qwen_wording_ablation/Qwen2.5-7B_open_ended_v0_4_wording_ablation_results_scored.csv,27473209,271c29087b38eae5f1fc3e5801590c9dfe7ac418b0aef9d99cdfb2f3d6f939f1
runs/open_ended_generation_v0_4_qwen_wording_ablation/Qwen2.5-7B_v0_4_invalid_examples.csv,693,c649d305a2352471ce2fb5fd1b6b7efb8c9057ac05db82963d7d7ade4c1eb929
runs/open_ended_generation_v0_4_qwen_wording_ablation/Qwen2.5-7B_v0_4_overrefusal_examples.csv,6575381,1a76a5016c46048f6b52bc17cd8432e2903ceb85d2acd1dec2d2dc395c5e50f5
runs/open_ended_generation_v0_4_qwen_wording_ablation/Qwen2.5-7B_v0_4_supported_injection_failures.csv,5494568,3e03a3f7fe28d43e45d8bafe1a1ab6fc9e33193c423fafe208aab9aea0588a9e
runs/open_ended_generation_v0_4_qwen_wording_ablation/Qwen2.5-7B_v0_4_unsupported_hallucination_failures.csv,19635,69ad62ce41678c6cbc2df7b156a9546b158685e454144ee03e9d33fcfed39789
runs/open_ended_generation_v0_4_qwen_wording_ablation/figures/figure_01_qwen_v0_4_final_accuracy.png,174725,88c046b29b2300ffe67b7573762cc88ca8d6eb1033875cb056c77677c9bfda6d
runs/open_ended_generation_v0_4_qwen_wording_ablation/figures/figure_02_qwen_v0_4_supported_accuracy.png,179267,99cedc39851415c38ec94bc089d468d38fb1743e9a89290aa776476d3c3bc079
runs/open_ended_generation_v0_4_qwen_wording_ablation/figures/figure_03_qwen_v0_4_injection_failure.png,178064,0714662a9f9ac14f7666eefe8468286d792a03ff194d24744c4a9c387a6c83dd
runs/open_ended_generation_v0_4_qwen_wording_ablation/figures/figure_04_qwen_v0_4_overrefusal.png,172225,4d86e1a273aae579763c1820fd327ddd228bf030cfd7a17a3d4f72ad5a944f97
runs/open_ended_generation_v0_4_qwen_wording_ablation/figures/figure_05_qwen_v0_4_unsupported_hallucination.png,177991,9256cb8ce282b186b6886d7133c5a81012f55ae1967faa703eb61408262cc4ab
runs/open_ended_generation_v0_4_qwen_wording_ablation/paper_ready_deltas_qwen_open_ended_v0_4_wording_ablation.csv,15523,1112e66cc5e5c6adabb2d03dc8e9926531b3754a65c6b367be73cf0b82cf9a96
runs/open_ended_generation_v0_4_qwen_wording_ablation/paper_ready_family_summary_qwen_open_ended_v0_4_wording_ablation.csv,8751,3a0cf90d1e7a9144c781919967c3fd64b07034de1078337fa4ec153a61c2c2a2
runs/open_ended_generation_v0_4_qwen_wording_ablation/paper_ready_scenario_summary_qwen_open_ended_v0_4_wording_ablation.csv,32354,d37768853e35c7303ecbdbe87d69eed755f1270393a2d06d4929c49e7f3dabea
runs/open_ended_generation_v0_4_qwen_wording_ablation/paper_ready_summary_qwen_open_ended_v0_4_wording_ablation.csv,3346,75c164e91ca0586d03716ccf7beaa3f681ea3e3c58e98e4f9e44bcdb3cea4493
runs/open_ended_generation_v0_4_qwen_wording_ablation/qwen_open_ended_v0_4_wording_ablation_memo.md,813,7254d5b9cfe3fcafab517464c5d4fe010656d60bbf4e92f6bc40582b676a5aff
runs/open_ended_generation_v0_5_boundary_wrapper_ablation/Qwen2.5-7B_open_ended_v0_5_boundary_wrapper_ablation_PARTIAL.csv,38382655,72dafe4af56c15da3e470c3ee14aae27654ca7f4b5c4083de01e4790f89ac339
runs/open_ended_generation_v0_5_boundary_wrapper_ablation/Qwen2.5-7B_open_ended_v0_5_boundary_wrapper_ablation_results_scored.csv,39273543,275cbe2d851fcf0f785642081accaed9527a6e43f993513c7b7c45c62faab93b
runs/open_ended_generation_v0_5_boundary_wrapper_ablation/Qwen2.5-7B_v0_5_invalid_examples.csv,819,df9adcdceccc39dd03799812690dd50f17673b7082e3a9fa29d26a920921e881
runs/open_ended_generation_v0_5_boundary_wrapper_ablation/Qwen2.5-7B_v0_5_overrefusal_examples.csv,13782418,5a14c8b2231eae1ee126589a1db70b44913e7209eaef59193bf50fecc8cb48cd
runs/open_ended_generation_v0_5_boundary_wrapper_ablation/Qwen2.5-7B_v0_5_supported_injection_failures.csv,11568753,c50b33f2cc5e632b2532ffb361389a1357a45a7f3670248bbffe64a4e36a984f
runs/open_ended_generation_v0_5_boundary_wrapper_ablation/Qwen2.5-7B_v0_5_unsupported_hallucination_failures.csv,45462,a549a3554233f9e34717b41063fecd1c2845bbc03872b437fe72bf32d9d139b8
runs/open_ended_generation_v0_5_boundary_wrapper_ablation/figures/figure_01_qwen_v0_5_final_accuracy_direct_answer.png,183867,f67540d020fbb74c0b8ec04ad383a052e660c78d79f485fa6b94afa1a6494a0b
runs/open_ended_generation_v0_5_boundary_wrapper_ablation/figures/figure_01_qwen_v0_5_final_accuracy_quarantined_answer.png,185879,6a8e007f0e490ff9ac51f194abfa5f9b47d317c68908d4d301e43cfeb865271a
runs/open_ended_generation_v0_5_boundary_wrapper_ablation/figures/figure_02_qwen_v0_5_supported_accuracy_direct_answer.png,190315,c6f79c79135cfc94c16432a72a91f2acdeffca1c6c24c3f3a43a4adff178d77f
runs/open_ended_generation_v0_5_boundary_wrapper_ablation/figures/figure_02_qwen_v0_5_supported_accuracy_quarantined_answer.png,192325,1a09074bd6c4375c25fa2fda5cdc102dae6505e4afc0ac5cab4f07e3bbf74136
runs/open_ended_generation_v0_5_boundary_wrapper_ablation/figures/figure_03_qwen_v0_5_injection_failure_direct_answer.png,193014,373b7836bbb340979b331f632588cd08cbe47e46eae59ba511d2cf6c620e9ff9
runs/open_ended_generation_v0_5_boundary_wrapper_ablation/figures/figure_03_qwen_v0_5_injection_failure_quarantined_answer.png,194923,ddc0fbbce637948fa1e170e39fe85d03d6b357de2ca9b50acb1e75ef2da503ba
runs/open_ended_generation_v0_5_boundary_wrapper_ablation/figures/figure_04_qwen_v0_5_overrefusal_direct_answer.png,184477,25b5c7d651371bfb15481813c53e21b08fa0a1271d5634b1b27dbafa1c3060c0
runs/open_ended_generation_v0_5_boundary_wrapper_ablation/figures/figure_04_qwen_v0_5_overrefusal_quarantined_answer.png,186728,8548dee639774bdf4128b0b4c0d320e692f29f41fbf4d520a1ead5338cf0bafb
runs/open_ended_generation_v0_5_boundary_wrapper_ablation/figures/figure_05_qwen_v0_5_unsupported_hallucination_direct_answer.png,191616,8c37317788f73200b1cd2070a812c0b9b03237f25844eb65a741d69d24b7f0e8
runs/open_ended_generation_v0_5_boundary_wrapper_ablation/figures/figure_05_qwen_v0_5_unsupported_hallucination_quarantined_answer.png,193686,84c2a375562aefca98f015d2161d8e6a6664c6fdf7834a2d6abc0e255e2c683f
runs/open_ended_generation_v0_5_boundary_wrapper_ablation/paper_ready_deltas_qwen_open_ended_v0_5_boundary_wrapper_ablation.csv,19040,6017e63fc305f91e4e129dcafa02c6b1819a26856b920de5b5bf3b1de84001b5
runs/open_ended_generation_v0_5_boundary_wrapper_ablation/paper_ready_family_summary_qwen_open_ended_v0_5_boundary_wrapper_ablation.csv,10295,3bd35baa1c538778d58c64bd31b9875110276278871f8b3be16195dddd4e4d3d
runs/open_ended_generation_v0_5_boundary_wrapper_ablation/paper_ready_scenario_summary_qwen_open_ended_v0_5_boundary_wrapper_ablation.csv,35864,749a616c48c65795ef393e9561e60e6928f42d4aa83dce89be3d7c97501b3231
runs/open_ended_generation_v0_5_boundary_wrapper_ablation/paper_ready_summary_qwen_open_ended_v0_5_boundary_wrapper_ablation.csv,3810,199f7c77739d0ed3cf7863ac7b05875d605964f99cb966c149d5055628a8b232
runs/open_ended_generation_v0_5_boundary_wrapper_ablation/paper_ready_wilson_ci_qwen_open_ended_v0_5_boundary_wrapper_ablation.csv,28377,33f007a89d4d462d925a1b9e7478fd13ca204ea2744a115d95beb01e2a78b4a0
runs/open_ended_generation_v0_5_boundary_wrapper_ablation/qwen_open_ended_v0_5_boundary_wrapper_ablation_memo.md,8403,c464b108e95b53b48c668568937f17ddd5da2019b70545aae34fe152fd605f35
runs/open_ended_generation_v0_5_boundary_wrapper_ablation_mistral_nemo/Mistral-Nemo-12B_open_ended_v0_5_boundary_wrapper_ablation_PARTIAL.csv,40755169,114ad6d0a8e8d7cb85baf3642f36de5e733d6d114f0433a993b592106e82bc18
runs/open_ended_generation_v0_5_boundary_wrapper_ablation_mistral_nemo/Mistral-Nemo-12B_open_ended_v0_5_boundary_wrapper_ablation_memo.md,6877,3dff67177dac14d49500448875f61f4b0c814511ff2337a7ee15616f9cf62fc6
runs/open_ended_generation_v0_5_boundary_wrapper_ablation_mistral_nemo/Mistral-Nemo-12B_open_ended_v0_5_boundary_wrapper_ablation_results_scored.csv,40755169,114ad6d0a8e8d7cb85baf3642f36de5e733d6d114f0433a993b592106e82bc18
runs/open_ended_generation_v0_5_boundary_wrapper_ablation_mistral_nemo/Mistral-Nemo-12B_v0_5_invalid_examples.csv,8108,749b9044541f2da681fb3407849d68f11ca0838e88a1bc0ab663d0352cedda5b
runs/open_ended_generation_v0_5_boundary_wrapper_ablation_mistral_nemo/Mistral-Nemo-12B_v0_5_overrefusal_examples.csv,5732705,31812aa0123fd42b6c4b8091771b8e30f3bd968056ee8af471e93446e53778a8
runs/open_ended_generation_v0_5_boundary_wrapper_ablation_mistral_nemo/Mistral-Nemo-12B_v0_5_supported_injection_failures.csv,4852935,1776ebeec847a45424683396dcc829af026a8f88065fd571b7cb7217144fba32
runs/open_ended_generation_v0_5_boundary_wrapper_ablation_mistral_nemo/Mistral-Nemo-12B_v0_5_unsupported_hallucination_failures.csv,3546784,7772e038059b20ca779318fa9bbc83affea55ed64c89e73ca4e73cb301812a09
runs/open_ended_generation_v0_5_boundary_wrapper_ablation_mistral_nemo/figures/figure_01_mistral_nemo_v0_5_final_accuracy_direct_answer.png,193830,d19fdf080185a36d5ca696e37fc735bf7556d0b7382ed22f3a025b3642b52df8
runs/open_ended_generation_v0_5_boundary_wrapper_ablation_mistral_nemo/figures/figure_01_mistral_nemo_v0_5_final_accuracy_quarantined_answer.png,194173,af7ea00668c8dae81df8b884c085255eadbea45601971dad592e367799a8712f
runs/open_ended_generation_v0_5_boundary_wrapper_ablation_mistral_nemo/figures/figure_02_mistral_nemo_v0_5_supported_accuracy_direct_answer.png,199339,606410325744b6ce1a129352876b3fc2a5718bd4a5c9dbdcd3126497e099cf74
runs/open_ended_generation_v0_5_boundary_wrapper_ablation_mistral_nemo/figures/figure_02_mistral_nemo_v0_5_supported_accuracy_quarantined_answer.png,200255,70a1916e671e1aab4e00d4bb9ebf215108480baef14dbb4b9129c50afcd4ca2a
runs/open_ended_generation_v0_5_boundary_wrapper_ablation_mistral_nemo/figures/figure_03_mistral_nemo_v0_5_injection_failure_direct_answer.png,203210,55a9130fb08009466b28f6485ea29cf42255b43ef81dfda5a696ef895f519293
runs/open_ended_generation_v0_5_boundary_wrapper_ablation_mistral_nemo/figures/figure_03_mistral_nemo_v0_5_injection_failure_quarantined_answer.png,203723,dbcc297359efc6fd1b8eb40b55976639cde10cb6db802dfe52a37e01f66fdcfb
runs/open_ended_generation_v0_5_boundary_wrapper_ablation_mistral_nemo/figures/figure_04_mistral_nemo_v0_5_overrefusal_direct_answer.png,198015,0f965837bdd311f33f50d928aaa7cf4732be03556e283b66ba0bba8bc89d9c68
runs/open_ended_generation_v0_5_boundary_wrapper_ablation_mistral_nemo/figures/figure_04_mistral_nemo_v0_5_overrefusal_quarantined_answer.png,198108,81c7a53f157c5d394f642b5780239cdf576d009d69452d224f07b4494ef4c8cf
runs/open_ended_generation_v0_5_boundary_wrapper_ablation_mistral_nemo/figures/figure_05_mistral_nemo_v0_5_unsupported_hallucination_direct_answer.png,203849,4337aded8a848111cb47dfa69793fc78c1b34dd4c2efd252d882715de410cef6
runs/open_ended_generation_v0_5_boundary_wrapper_ablation_mistral_nemo/figures/figure_05_mistral_nemo_v0_5_unsupported_hallucination_quarantined_answer.png,203906,c9c66d0e893f714e5e3384e91b481d1ddc773f6877f7457c3514ff3db5a8c329
runs/open_ended_generation_v0_5_boundary_wrapper_ablation_mistral_nemo/paper_ready_deltas_Mistral-Nemo-12B_open_ended_v0_5_boundary_wrapper_ablation.csv,22604,41b6fbc1e4e556acaf6f5629707f8770b2ed72adba8337562a34be420f9f4cea
runs/open_ended_generation_v0_5_boundary_wrapper_ablation_mistral_nemo/paper_ready_family_summary_Mistral-Nemo-12B_open_ended_v0_5_boundary_wrapper_ablation.csv,12562,40114cdcf1fad2a39e75e5f3d3e170d8a7ca8f9fed438bd9518fe726e8356124
runs/open_ended_generation_v0_5_boundary_wrapper_ablation_mistral_nemo/paper_ready_scenario_summary_Mistral-Nemo-12B_open_ended_v0_5_boundary_wrapper_ablation.csv,42321,836458fc6b55c90102893aa72e768faf6f6da0fdff0cea040892093c95814cc4
runs/open_ended_generation_v0_5_boundary_wrapper_ablation_mistral_nemo/paper_ready_summary_Mistral-Nemo-12B_open_ended_v0_5_boundary_wrapper_ablation.csv,4675,f0024f28d313f0c06f278e93b5f82ea8302035b8c271cc8ce6c620e7e11dd562
runs/open_ended_generation_v0_5_boundary_wrapper_ablation_mistral_nemo/paper_ready_wilson_ci_Mistral-Nemo-12B_open_ended_v0_5_boundary_wrapper_ablation.csv,32271,9d3d8c650f5d046fa7d91f582b34c6ebf636044aa21a7c384b9378a177064911
runs/source_attribution_fidelity_v0_1/correct_answer_wrong_source_examples.csv,3720,e781f7ff4510eabd1af0b7c935b115c227cc51034d9fdc21f2d265d16e3ae218
runs/source_attribution_fidelity_v0_1/plot_correct_answer_wrong_source_heatmap.png,156449,a08d85c2f76e33c7bfeec93a86c4b5e09cc3f8a115f24a14d3d05cacd3d485d3
runs/source_attribution_fidelity_v0_1/plot_source_attribution_answer_accuracy.png,102743,762e3805813e64fe9dd13fd4c73c5a3d094a9b7c294efdf71cdb84be6c143280
runs/source_attribution_fidelity_v0_1/plot_source_attribution_correct_answer_wrong_source_rate.png,111862,b970ffebbd2b8efbfce21d5ba6bb99d4949c3aaaf11d6b356140b773115bdc51
runs/source_attribution_fidelity_v0_1/plot_source_attribution_joint_answer_source_accuracy.png,108993,afea9fb9b0aa71c7bef765b1783430db06d4d9698a2bc12468de3e902bb6bdfc
runs/source_attribution_fidelity_v0_1/plot_source_attribution_source_accuracy.png,100861,b2bc95e0f7516134670e298144ee07c9880f19338923b444fc9178a1c2f31fd9
runs/source_attribution_fidelity_v0_1/plot_source_attribution_unsupported_false_attribution_rate.png,109206,d96c5c1fdf52ae778a2c0ae7cc8a5f9c8f2b32f01cc23e4e5c7e731dcdfe4a4f
runs/source_attribution_fidelity_v0_1/source_attribution_attack_rows.csv,756566,d7b922acd2cfcf85c3c7d6fd252c09216d56a1ad33cdecc84eef999a2b60f27f
runs/source_attribution_fidelity_v0_1/source_attribution_family_summary.csv,2162,a799ac4aab6a56d9ec71fca2b32750b78b97f90aca830676ffd6b65d619ad432
runs/source_attribution_fidelity_v0_1/source_attribution_fidelity_memo.md,17251,8e0c6df345dd35e2b16c0ce2840d786884215846c7058e60b30886f354b12b21
runs/source_attribution_fidelity_v0_1/source_attribution_results.csv,1755523,a0da0e3695bebc348509b82fb502f4eec67a2cddb52863d703370324ca595814
runs/source_attribution_fidelity_v0_1/source_attribution_results_PARTIAL.csv,1755523,a0da0e3695bebc348509b82fb502f4eec67a2cddb52863d703370324ca595814
runs/source_attribution_fidelity_v0_1/source_attribution_results_scored.csv,1866215,24739ef5f5c8d700444446f7d10701f87025e152108d9223c52f05b7f634f62d
runs/source_attribution_fidelity_v0_1/source_attribution_scenario_summary.csv,3994,330f61b58186ecbee355460cf21fb59f70f674a82c33687b98a7feef566668c9
runs/source_attribution_fidelity_v0_1/source_attribution_summary.csv,1077,b073df817d482a6c751d00a4ae740565e5b0867abb8dc6d99a76b7db4cb129a2
runs/source_attribution_fidelity_v0_1/unsupported_false_attribution_examples.csv,39456,edae0cd1e718cb5fcc56d3da78503c16afc1e2977e2e4a0ce8ed3f257e50a884
scripts/reproduce_open_weight_summary_inventory.py,1988,1d1e9fc7fbeae5824937cb6787cd3dac51fcf77003637f52ce6f7f02dd4e713d
top_level_artifacts/cross_model_replication_fixed_14b_family_summary.csv,4701,4f3e29fa98270836790d68eed8234ca48394ec9cb93f60c6be633a7e06036007
top_level_artifacts/cross_model_replication_fixed_14b_invalid_examples.csv,691,a75e7adb425da09be5cc2c80ed6fa76c2bb0896e24bd893a4f3f96a51c184cb1
top_level_artifacts/cross_model_replication_fixed_14b_overrefusal_examples.csv,460357,d1bf23d64853583697ba3e9fc316409ded6539a43bf19d255ece3dadeaa0fae2
top_level_artifacts/cross_model_replication_fixed_14b_results.csv,9536385,59b57752bba354270cedd935eef24455c67dfeb5d50518a7823e6e421b08f3fd
top_level_artifacts/cross_model_replication_fixed_14b_results_PARTIAL.csv,9242922,fd042df463b2ad30f96b4035ba40a8fb8b9ff720b9b2a7fbabc93b001b8f483b
top_level_artifacts/cross_model_replication_fixed_14b_scenario_summary.csv,11762,9bd503f581f3bd3320d2cbbcd39d779862eef4a3cc28e6a9481f73343f73522b
top_level_artifacts/cross_model_replication_fixed_14b_summary.csv,1714,72788fbf3f93ad2c0d836a1b896716f48e7caed7a0c9d36aace3ac4a207a0905
top_level_artifacts/cross_model_replication_fixed_14b_supported_injection_failures.csv,472594,09fd0d98e8aad3ac747c0b476836700094bf36a32fc173ed8d179381df9f559f
top_level_artifacts/cross_model_replication_fixed_14b_unsupported_hallucination_failures.csv,112855,0a06bc22449f607472587a54b2b4926e4ba87a705efd6171871aac4d52143f99
top_level_artifacts/cross_model_replication_fixed_attack_rows.csv,4470467,bab53a175e82801f7aebce5694039b645e0a12f2c166be35dfd444ae055b389f
top_level_artifacts/cross_model_replication_fixed_family_summary.csv,4647,ed7c3cf8e21a8972867f1f7308bd54e2f9925cfcbf0e4b3da2a81a8d8ed9c6ab
top_level_artifacts/cross_model_replication_fixed_invalid_examples.csv,691,a75e7adb425da09be5cc2c80ed6fa76c2bb0896e24bd893a4f3f96a51c184cb1
top_level_artifacts/cross_model_replication_fixed_overrefusal_examples.csv,139620,1b5556030485421dad4ae4561c77899f474669d6925a17307535b938497e584b
top_level_artifacts/cross_model_replication_fixed_results.csv,9513413,86eb35c6eec4532b29f7d16be1a6c68653518216e0cd774e8500c2596db49ff8
top_level_artifacts/cross_model_replication_fixed_results_PARTIAL.csv,9219602,5c3ab57195eafe0236393412080c918af08c8024a70e3f35c03dc3c5e9b853e0
top_level_artifacts/cross_model_replication_fixed_scenario_summary.csv,14379,5d8c1ed770a18f52aabb081948d22c833f577f9f9759d2fd40755d50b1a0c7cf
top_level_artifacts/cross_model_replication_fixed_summary.csv,1864,8fdda2ca7caa6a30a10948050384dd4145df472d533f152babb829b3a0129674
top_level_artifacts/cross_model_replication_fixed_supported_injection_failures.csv,347904,b9df27cce892ba7184a7eefa6b4fe725df73cc5a8dcace30adcb8340e22e6fae
top_level_artifacts/cross_model_replication_fixed_unsupported_hallucination_failures.csv,1493640,13a04327b548bfff73a326c576609de319271f06286fa47111c0b80a1057e06f
top_level_artifacts/plot_14b_final_accuracy.png,94330,c0de20c78e39f2579550b8a6dac14f9cdacc1be516061a4bb9344b2d1f1d2766
top_level_artifacts/plot_14b_overrefusal_rate.png,97222,ffd579699d2bef99c83d27c208ed815ffa35fd88bfea0f9115e0d46a09846dcf
top_level_artifacts/plot_14b_parse_ok_rate.png,94989,dcf754356c1c13817e2e091c67403b61a16d177643110b254f71a3bbb0b58213
top_level_artifacts/plot_14b_scenario_final_accuracy_heatmap.png,193625,e09d37e7d09c33cffb9d4b72cb4a46f393a800aa09e720ca7f96669db81b31f5
top_level_artifacts/plot_14b_supported_accuracy.png,99722,88bb795a33d754a482245152e94ec89aff657a80dff2f5e577069d52acb35b1c
top_level_artifacts/plot_14b_supported_injection_failure_heatmap.png,141790,91016f0666b4055f91ed4c8ca9875f3f26ecde3ddd59fe55c3bc140f63c08636
top_level_artifacts/plot_14b_supported_injection_failure_rate.png,104692,677bf00883cfdd0e6f80b7d64f18367651668edde9e1e883b0c9fd35750dcff1
top_level_artifacts/plot_14b_unsupported_abstention_rate.png,103806,fe44b214ffab93fb5e8109710802dd91f87f43ba5847b5693eb5f35526dabdb0
top_level_artifacts/plot_14b_unsupported_hallucination_heatmap.png,156861,0316f0a41efb01d4fffa345aa8ab9c18b1426d10350836c947e728ed2f3ef0a6
top_level_artifacts/plot_14b_unsupported_hallucination_rate.png,104090,65eaa26facc94f71db1bf1dcc1a98a96f2948da7fa09ddcb5014980cc3672fac
