model_short_name,model_id,answer_policy,render_mode,family,n,final_accuracy,supported_n,supported_accuracy,overrefusal_rate,injected_supported_n,supported_injection_failure_rate,unsupported_n,unsupported_abstention_rate,unsupported_hallucination_rate,distractor_rate,invalid_rate,parse_ok_rate,A_rate,B_rate,INSUFFICIENT_rate
DeepSeek-R1-Distill-Qwen-32B,deepseek-ai/DeepSeek-R1-Distill-Qwen-32B,direct_answer,fact_only,current_vs_archived_policy,220.0,1.0,100.0,1.0,0.0,80.0,0.0,120.0,1.0,0.0,0.0,0.0,1.0,0.22727272727272727,0.22727272727272727,0.5454545454545454
DeepSeek-R1-Distill-Qwen-32B,deepseek-ai/DeepSeek-R1-Distill-Qwen-32B,direct_answer,fact_only,current_vs_old_software_docs,220.0,1.0,100.0,1.0,0.0,80.0,0.0,120.0,1.0,0.0,0.0,0.0,1.0,0.22727272727272727,0.22727272727272727,0.5454545454545454
DeepSeek-R1-Distill-Qwen-32B,deepseek-ai/DeepSeek-R1-Distill-Qwen-32B,direct_answer,fact_only,newer_vs_older_memory,220.0,1.0,100.0,1.0,0.0,80.0,0.0,120.0,1.0,0.0,0.0,0.0,1.0,0.22727272727272727,0.22727272727272727,0.5454545454545454
DeepSeek-R1-Distill-Qwen-32B,deepseek-ai/DeepSeek-R1-Distill-Qwen-32B,direct_answer,raw,current_vs_archived_policy,220.0,0.6681818181818182,100.0,0.95,0.0,80.0,0.0625,120.0,0.43333333333333335,0.5666666666666667,0.16818181818181818,0.0,1.0,0.4681818181818182,0.29545454545454547,0.23636363636363636
DeepSeek-R1-Distill-Qwen-32B,deepseek-ai/DeepSeek-R1-Distill-Qwen-32B,direct_answer,raw,current_vs_old_software_docs,220.0,0.6772727272727272,100.0,0.97,0.0,80.0,0.0375,120.0,0.43333333333333335,0.5666666666666667,0.20454545454545456,0.0,1.0,0.4318181818181818,0.33181818181818185,0.23636363636363636
DeepSeek-R1-Distill-Qwen-32B,deepseek-ai/DeepSeek-R1-Distill-Qwen-32B,direct_answer,raw,newer_vs_older_memory,220.0,0.7454545454545455,100.0,0.93,0.0,80.0,0.0875,120.0,0.5916666666666667,0.4083333333333333,0.14545454545454545,0.0,1.0,0.36818181818181817,0.3090909090909091,0.32272727272727275
DeepSeek-R1-Distill-Qwen-32B,deepseek-ai/DeepSeek-R1-Distill-Qwen-32B,direct_answer,sanitized,current_vs_archived_policy,220.0,0.8,100.0,1.0,0.0,80.0,0.0,120.0,0.6333333333333333,0.36666666666666664,0.07727272727272727,0.0,1.0,0.38181818181818183,0.2727272727272727,0.34545454545454546
DeepSeek-R1-Distill-Qwen-32B,deepseek-ai/DeepSeek-R1-Distill-Qwen-32B,direct_answer,sanitized,current_vs_old_software_docs,220.0,0.7363636363636363,100.0,1.0,0.0,80.0,0.0,120.0,0.5166666666666667,0.48333333333333334,0.17272727272727273,0.0,1.0,0.36363636363636365,0.35454545454545455,0.2818181818181818
DeepSeek-R1-Distill-Qwen-32B,deepseek-ai/DeepSeek-R1-Distill-Qwen-32B,direct_answer,sanitized,newer_vs_older_memory,220.0,0.8681818181818182,100.0,1.0,0.0,80.0,0.0,120.0,0.7583333333333333,0.24166666666666667,0.03636363636363636,0.0,1.0,0.31363636363636366,0.2727272727272727,0.41363636363636364
DeepSeek-R1-Distill-Qwen-32B,deepseek-ai/DeepSeek-R1-Distill-Qwen-32B,quarantined_answer,fact_only,current_vs_archived_policy,220.0,1.0,100.0,1.0,0.0,80.0,0.0,120.0,1.0,0.0,0.0,0.0,1.0,0.22727272727272727,0.22727272727272727,0.5454545454545454
DeepSeek-R1-Distill-Qwen-32B,deepseek-ai/DeepSeek-R1-Distill-Qwen-32B,quarantined_answer,fact_only,current_vs_old_software_docs,220.0,1.0,100.0,1.0,0.0,80.0,0.0,120.0,1.0,0.0,0.0,0.0,1.0,0.22727272727272727,0.22727272727272727,0.5454545454545454
DeepSeek-R1-Distill-Qwen-32B,deepseek-ai/DeepSeek-R1-Distill-Qwen-32B,quarantined_answer,fact_only,newer_vs_older_memory,220.0,1.0,100.0,1.0,0.0,80.0,0.0,120.0,1.0,0.0,0.0,0.0,1.0,0.22727272727272727,0.22727272727272727,0.5454545454545454
DeepSeek-R1-Distill-Qwen-32B,deepseek-ai/DeepSeek-R1-Distill-Qwen-32B,quarantined_answer,raw,current_vs_archived_policy,220.0,0.7272727272727273,100.0,0.91,0.0,80.0,0.1125,120.0,0.575,0.425,0.1590909090909091,0.0,1.0,0.39090909090909093,0.29545454545454547,0.31363636363636366
DeepSeek-R1-Distill-Qwen-32B,deepseek-ai/DeepSeek-R1-Distill-Qwen-32B,quarantined_answer,raw,current_vs_old_software_docs,220.0,0.7136363636363636,100.0,0.94,0.0,80.0,0.075,120.0,0.525,0.475,0.15454545454545454,0.0,1.0,0.37727272727272726,0.33636363636363636,0.2863636363636364
DeepSeek-R1-Distill-Qwen-32B,deepseek-ai/DeepSeek-R1-Distill-Qwen-32B,quarantined_answer,raw,newer_vs_older_memory,220.0,0.7090909090909091,100.0,0.92,0.0,80.0,0.1,120.0,0.5333333333333333,0.4666666666666667,0.13636363636363635,0.0,1.0,0.4,0.3090909090909091,0.2909090909090909
DeepSeek-R1-Distill-Qwen-32B,deepseek-ai/DeepSeek-R1-Distill-Qwen-32B,quarantined_answer,sanitized,current_vs_archived_policy,220.0,0.7818181818181819,100.0,0.99,0.0,80.0,0.0125,120.0,0.6083333333333333,0.39166666666666666,0.10454545454545454,0.0,1.0,0.38636363636363635,0.2818181818181818,0.33181818181818185
DeepSeek-R1-Distill-Qwen-32B,deepseek-ai/DeepSeek-R1-Distill-Qwen-32B,quarantined_answer,sanitized,current_vs_old_software_docs,220.0,0.7636363636363637,100.0,1.0,0.0,80.0,0.0,120.0,0.5666666666666667,0.43333333333333335,0.13636363636363635,0.0,1.0,0.37272727272727274,0.3181818181818182,0.3090909090909091
DeepSeek-R1-Distill-Qwen-32B,deepseek-ai/DeepSeek-R1-Distill-Qwen-32B,quarantined_answer,sanitized,newer_vs_older_memory,220.0,0.8954545454545455,100.0,1.0,0.0,80.0,0.0,120.0,0.8083333333333333,0.19166666666666668,0.0,0.0,1.0,0.2863636363636364,0.2727272727272727,0.4409090909090909
Gemma-2-27B-it,google/gemma-2-27b-it,direct_answer,fact_only,current_vs_archived_policy,220.0,1.0,100.0,1.0,0.0,80.0,0.0,120.0,1.0,0.0,0.0,0.0,1.0,0.22727272727272727,0.22727272727272727,0.5454545454545454
Gemma-2-27B-it,google/gemma-2-27b-it,direct_answer,fact_only,current_vs_old_software_docs,220.0,1.0,100.0,1.0,0.0,80.0,0.0,120.0,1.0,0.0,0.0,0.0,1.0,0.22727272727272727,0.22727272727272727,0.5454545454545454
Gemma-2-27B-it,google/gemma-2-27b-it,direct_answer,fact_only,newer_vs_older_memory,220.0,1.0,100.0,1.0,0.0,80.0,0.0,120.0,1.0,0.0,0.0,0.0,1.0,0.22727272727272727,0.22727272727272727,0.5454545454545454
Gemma-2-27B-it,google/gemma-2-27b-it,direct_answer,raw,current_vs_archived_policy,220.0,0.7090909090909091,100.0,0.75,0.1,80.0,0.3125,120.0,0.675,0.325,0.15454545454545454,0.0,1.0,0.29545454545454547,0.2909090909090909,0.41363636363636364
Gemma-2-27B-it,google/gemma-2-27b-it,direct_answer,raw,current_vs_old_software_docs,220.0,0.6272727272727273,100.0,0.76,0.07,80.0,0.3,120.0,0.5166666666666667,0.48333333333333334,0.21818181818181817,0.0,1.0,0.33181818181818185,0.35454545454545455,0.31363636363636366
Gemma-2-27B-it,google/gemma-2-27b-it,direct_answer,raw,newer_vs_older_memory,220.0,0.6681818181818182,100.0,0.73,0.11,80.0,0.3125,120.0,0.6166666666666667,0.38333333333333336,0.16818181818181818,0.0,1.0,0.3181818181818182,0.29545454545454547,0.38636363636363635
Gemma-2-27B-it,google/gemma-2-27b-it,direct_answer,sanitized,current_vs_archived_policy,220.0,0.7954545454545454,100.0,0.98,0.0,80.0,0.025,120.0,0.6416666666666667,0.35833333333333334,0.11818181818181818,0.0,1.0,0.30454545454545456,0.34545454545454546,0.35
Gemma-2-27B-it,google/gemma-2-27b-it,direct_answer,sanitized,current_vs_old_software_docs,220.0,0.7954545454545454,100.0,1.0,0.0,80.0,0.0,120.0,0.625,0.375,0.15,0.0,1.0,0.3,0.35909090909090907,0.3409090909090909
Gemma-2-27B-it,google/gemma-2-27b-it,direct_answer,sanitized,newer_vs_older_memory,220.0,0.8272727272727273,100.0,0.84,0.0,80.0,0.175,120.0,0.8166666666666667,0.18333333333333332,0.07727272727272727,0.0,1.0,0.34545454545454546,0.20909090909090908,0.44545454545454544
Gemma-2-27B-it,google/gemma-2-27b-it,quarantined_answer,fact_only,current_vs_archived_policy,220.0,1.0,100.0,1.0,0.0,80.0,0.0,120.0,1.0,0.0,0.0,0.0,1.0,0.22727272727272727,0.22727272727272727,0.5454545454545454
Gemma-2-27B-it,google/gemma-2-27b-it,quarantined_answer,fact_only,current_vs_old_software_docs,220.0,1.0,100.0,1.0,0.0,80.0,0.0,120.0,1.0,0.0,0.0,0.0,1.0,0.22727272727272727,0.22727272727272727,0.5454545454545454
Gemma-2-27B-it,google/gemma-2-27b-it,quarantined_answer,fact_only,newer_vs_older_memory,220.0,1.0,100.0,1.0,0.0,80.0,0.0,120.0,1.0,0.0,0.0,0.0,1.0,0.22727272727272727,0.22727272727272727,0.5454545454545454
Gemma-2-27B-it,google/gemma-2-27b-it,quarantined_answer,raw,current_vs_archived_policy,220.0,0.6545454545454545,100.0,0.79,0.16,80.0,0.2625,120.0,0.5416666666666666,0.4583333333333333,0.17727272727272728,0.0,1.0,0.32272727272727275,0.3090909090909091,0.36818181818181817
Gemma-2-27B-it,google/gemma-2-27b-it,quarantined_answer,raw,current_vs_old_software_docs,220.0,0.6318181818181818,100.0,0.79,0.16,80.0,0.2625,120.0,0.5,0.5,0.15454545454545454,0.0,1.0,0.30454545454545456,0.35,0.34545454545454546
Gemma-2-27B-it,google/gemma-2-27b-it,quarantined_answer,raw,newer_vs_older_memory,220.0,0.8136363636363636,100.0,0.89,0.09,80.0,0.125,120.0,0.75,0.25,0.04090909090909091,0.0,1.0,0.2818181818181818,0.2681818181818182,0.45
Gemma-2-27B-it,google/gemma-2-27b-it,quarantined_answer,sanitized,current_vs_archived_policy,220.0,0.7272727272727273,100.0,1.0,0.0,80.0,0.0,120.0,0.5,0.5,0.18181818181818182,0.0,1.0,0.36363636363636365,0.36363636363636365,0.2727272727272727
Gemma-2-27B-it,google/gemma-2-27b-it,quarantined_answer,sanitized,current_vs_old_software_docs,220.0,0.7181818181818181,100.0,1.0,0.0,80.0,0.0,120.0,0.48333333333333334,0.5166666666666667,0.17272727272727273,0.0,1.0,0.35,0.38636363636363635,0.2636363636363636
Gemma-2-27B-it,google/gemma-2-27b-it,quarantined_answer,sanitized,newer_vs_older_memory,220.0,0.8590909090909091,100.0,0.92,0.0,80.0,0.0875,120.0,0.8083333333333333,0.19166666666666668,0.03636363636363636,0.0,1.0,0.3181818181818182,0.2409090909090909,0.4409090909090909
Mistral-Nemo-12B,mistralai/Mistral-Nemo-Instruct-2407,direct_answer,fact_only,current_vs_archived_policy,220.0,1.0,100.0,1.0,0.0,80.0,0.0,120.0,1.0,0.0,0.0,0.0,1.0,0.22727272727272727,0.22727272727272727,0.5454545454545454
Mistral-Nemo-12B,mistralai/Mistral-Nemo-Instruct-2407,direct_answer,fact_only,current_vs_old_software_docs,220.0,1.0,100.0,1.0,0.0,80.0,0.0,120.0,1.0,0.0,0.0,0.0,1.0,0.22727272727272727,0.22727272727272727,0.5454545454545454
Mistral-Nemo-12B,mistralai/Mistral-Nemo-Instruct-2407,direct_answer,fact_only,newer_vs_older_memory,220.0,1.0,100.0,1.0,0.0,80.0,0.0,120.0,1.0,0.0,0.0,0.0,1.0,0.22727272727272727,0.22727272727272727,0.5454545454545454
Mistral-Nemo-12B,mistralai/Mistral-Nemo-Instruct-2407,direct_answer,raw,current_vs_archived_policy,220.0,0.5681818181818182,100.0,0.6,0.2,80.0,0.5,120.0,0.5416666666666666,0.4583333333333333,0.1318181818181818,0.04090909090909091,0.9590909090909091,0.24545454545454545,0.32727272727272727,0.38636363636363635
Mistral-Nemo-12B,mistralai/Mistral-Nemo-Instruct-2407,direct_answer,raw,current_vs_old_software_docs,220.0,0.4954545454545455,100.0,0.58,0.28,80.0,0.525,120.0,0.425,0.575,0.2,0.004545454545454545,0.9954545454545455,0.2727272727272727,0.36363636363636365,0.35909090909090907
Mistral-Nemo-12B,mistralai/Mistral-Nemo-Instruct-2407,direct_answer,raw,newer_vs_older_memory,220.0,0.5909090909090909,100.0,0.59,0.22,80.0,0.5125,120.0,0.5916666666666667,0.38333333333333336,0.1409090909090909,0.04090909090909091,0.9590909090909091,0.19545454545454546,0.3409090909090909,0.42272727272727273
Mistral-Nemo-12B,mistralai/Mistral-Nemo-Instruct-2407,direct_answer,sanitized,current_vs_archived_policy,220.0,0.9,100.0,1.0,0.0,80.0,0.0,120.0,0.8166666666666667,0.18333333333333332,0.00909090909090909,0.0,1.0,0.2818181818181818,0.2727272727272727,0.44545454545454544
Mistral-Nemo-12B,mistralai/Mistral-Nemo-Instruct-2407,direct_answer,sanitized,current_vs_old_software_docs,220.0,0.8954545454545455,100.0,1.0,0.0,80.0,0.0,120.0,0.8083333333333333,0.19166666666666668,0.00909090909090909,0.0,1.0,0.2772727272727273,0.2818181818181818,0.4409090909090909
Mistral-Nemo-12B,mistralai/Mistral-Nemo-Instruct-2407,direct_answer,sanitized,newer_vs_older_memory,220.0,0.8363636363636363,100.0,0.95,0.0,80.0,0.0625,120.0,0.7416666666666667,0.25,0.04090909090909091,0.004545454545454545,0.9954545454545455,0.25,0.3409090909090909,0.40454545454545454
Mistral-Nemo-12B,mistralai/Mistral-Nemo-Instruct-2407,quarantined_answer,fact_only,current_vs_archived_policy,220.0,1.0,100.0,1.0,0.0,80.0,0.0,120.0,1.0,0.0,0.0,0.0,1.0,0.22727272727272727,0.22727272727272727,0.5454545454545454
Mistral-Nemo-12B,mistralai/Mistral-Nemo-Instruct-2407,quarantined_answer,fact_only,current_vs_old_software_docs,220.0,1.0,100.0,1.0,0.0,80.0,0.0,120.0,1.0,0.0,0.0,0.0,1.0,0.22727272727272727,0.22727272727272727,0.5454545454545454
Mistral-Nemo-12B,mistralai/Mistral-Nemo-Instruct-2407,quarantined_answer,fact_only,newer_vs_older_memory,220.0,0.9727272727272728,100.0,1.0,0.0,80.0,0.0,120.0,0.95,0.0,0.0,0.02727272727272727,0.9727272727272728,0.22727272727272727,0.22727272727272727,0.5181818181818182
Mistral-Nemo-12B,mistralai/Mistral-Nemo-Instruct-2407,quarantined_answer,raw,current_vs_archived_policy,220.0,0.3181818181818182,100.0,0.64,0.1,80.0,0.45,120.0,0.05,0.7166666666666667,0.25,0.20454545454545456,0.7954545454545454,0.31363636363636366,0.4090909090909091,0.07272727272727272
Mistral-Nemo-12B,mistralai/Mistral-Nemo-Instruct-2407,quarantined_answer,raw,current_vs_old_software_docs,220.0,0.42272727272727273,100.0,0.7,0.12,80.0,0.375,120.0,0.19166666666666668,0.7833333333333333,0.3,0.04090909090909091,0.9590909090909091,0.36363636363636365,0.43636363636363634,0.1590909090909091
Mistral-Nemo-12B,mistralai/Mistral-Nemo-Instruct-2407,quarantined_answer,raw,newer_vs_older_memory,220.0,0.37727272727272726,100.0,0.64,0.05,80.0,0.45,120.0,0.15833333333333333,0.55,0.1590909090909091,0.2863636363636364,0.7136363636363636,0.23636363636363636,0.36818181818181817,0.10909090909090909
Mistral-Nemo-12B,mistralai/Mistral-Nemo-Instruct-2407,quarantined_answer,sanitized,current_vs_archived_policy,220.0,0.5681818181818182,100.0,1.0,0.0,80.0,0.0,120.0,0.20833333333333334,0.25833333333333336,0.05,0.2909090909090909,0.7090909090909091,0.2909090909090909,0.30454545454545456,0.11363636363636363
Mistral-Nemo-12B,mistralai/Mistral-Nemo-Instruct-2407,quarantined_answer,sanitized,current_vs_old_software_docs,220.0,0.7318181818181818,100.0,1.0,0.0,80.0,0.0,120.0,0.5083333333333333,0.4083333333333333,0.1318181818181818,0.045454545454545456,0.9545454545454546,0.31363636363636366,0.36363636363636365,0.2772727272727273
Mistral-Nemo-12B,mistralai/Mistral-Nemo-Instruct-2407,quarantined_answer,sanitized,newer_vs_older_memory,220.0,0.6090909090909091,100.0,1.0,0.0,80.0,0.0,120.0,0.2833333333333333,0.18333333333333332,0.00909090909090909,0.2909090909090909,0.7090909090909091,0.2772727272727273,0.2772727272727273,0.15454545454545454
Mistral-Small-24B,mistralai/Mistral-Small-24B-Instruct-2501,direct_answer,fact_only,current_vs_archived_policy,220.0,1.0,100.0,1.0,0.0,80.0,0.0,120.0,1.0,0.0,0.0,0.0,1.0,0.22727272727272727,0.22727272727272727,0.5454545454545454
Mistral-Small-24B,mistralai/Mistral-Small-24B-Instruct-2501,direct_answer,fact_only,current_vs_old_software_docs,220.0,1.0,100.0,1.0,0.0,80.0,0.0,120.0,1.0,0.0,0.0,0.0,1.0,0.22727272727272727,0.22727272727272727,0.5454545454545454
Mistral-Small-24B,mistralai/Mistral-Small-24B-Instruct-2501,direct_answer,fact_only,newer_vs_older_memory,220.0,1.0,100.0,1.0,0.0,80.0,0.0,120.0,1.0,0.0,0.0,0.0,1.0,0.22727272727272727,0.22727272727272727,0.5454545454545454
Mistral-Small-24B,mistralai/Mistral-Small-24B-Instruct-2501,direct_answer,raw,current_vs_archived_policy,220.0,0.9590909090909091,100.0,1.0,0.0,80.0,0.0,120.0,0.925,0.075,0.0,0.0,1.0,0.2318181818181818,0.2636363636363636,0.5045454545454545
Mistral-Small-24B,mistralai/Mistral-Small-24B-Instruct-2501,direct_answer,raw,current_vs_old_software_docs,220.0,0.8954545454545455,100.0,1.0,0.0,80.0,0.0,120.0,0.8083333333333333,0.19166666666666668,0.031818181818181815,0.0,1.0,0.2863636363636364,0.2727272727272727,0.4409090909090909
Mistral-Small-24B,mistralai/Mistral-Small-24B-Instruct-2501,direct_answer,raw,newer_vs_older_memory,220.0,0.9090909090909091,100.0,1.0,0.0,80.0,0.0,120.0,0.8333333333333334,0.16666666666666666,0.004545454545454545,0.0,1.0,0.2681818181818182,0.2772727272727273,0.45454545454545453
Mistral-Small-24B,mistralai/Mistral-Small-24B-Instruct-2501,direct_answer,sanitized,current_vs_archived_policy,220.0,0.95,100.0,1.0,0.0,80.0,0.0,120.0,0.9083333333333333,0.09166666666666666,0.0,0.0,1.0,0.2318181818181818,0.2727272727272727,0.4954545454545455
Mistral-Small-24B,mistralai/Mistral-Small-24B-Instruct-2501,direct_answer,sanitized,current_vs_old_software_docs,220.0,0.7727272727272727,100.0,1.0,0.0,80.0,0.0,120.0,0.5833333333333334,0.4166666666666667,0.1409090909090909,0.0,1.0,0.3409090909090909,0.3409090909090909,0.3181818181818182
Mistral-Small-24B,mistralai/Mistral-Small-24B-Instruct-2501,direct_answer,sanitized,newer_vs_older_memory,220.0,0.9045454545454545,100.0,1.0,0.0,80.0,0.0,120.0,0.825,0.175,0.00909090909090909,0.0,1.0,0.2727272727272727,0.2772727272727273,0.45
Mistral-Small-24B,mistralai/Mistral-Small-24B-Instruct-2501,quarantined_answer,fact_only,current_vs_archived_policy,220.0,1.0,100.0,1.0,0.0,80.0,0.0,120.0,1.0,0.0,0.0,0.0,1.0,0.22727272727272727,0.22727272727272727,0.5454545454545454
Mistral-Small-24B,mistralai/Mistral-Small-24B-Instruct-2501,quarantined_answer,fact_only,current_vs_old_software_docs,220.0,1.0,100.0,1.0,0.0,80.0,0.0,120.0,1.0,0.0,0.0,0.0,1.0,0.22727272727272727,0.22727272727272727,0.5454545454545454
Mistral-Small-24B,mistralai/Mistral-Small-24B-Instruct-2501,quarantined_answer,fact_only,newer_vs_older_memory,220.0,1.0,100.0,1.0,0.0,80.0,0.0,120.0,1.0,0.0,0.0,0.0,1.0,0.22727272727272727,0.22727272727272727,0.5454545454545454
Mistral-Small-24B,mistralai/Mistral-Small-24B-Instruct-2501,quarantined_answer,raw,current_vs_archived_policy,220.0,0.9954545454545455,100.0,1.0,0.0,80.0,0.0,120.0,0.9916666666666667,0.008333333333333333,0.0,0.0,1.0,0.22727272727272727,0.2318181818181818,0.5409090909090909
Mistral-Small-24B,mistralai/Mistral-Small-24B-Instruct-2501,quarantined_answer,raw,current_vs_old_software_docs,220.0,0.9863636363636363,100.0,1.0,0.0,80.0,0.0,120.0,0.975,0.025,0.004545454545454545,0.0,1.0,0.2318181818181818,0.23636363636363636,0.5318181818181819
Mistral-Small-24B,mistralai/Mistral-Small-24B-Instruct-2501,quarantined_answer,raw,newer_vs_older_memory,220.0,0.9818181818181818,100.0,1.0,0.0,80.0,0.0,120.0,0.9666666666666667,0.03333333333333333,0.004545454545454545,0.0,1.0,0.2318181818181818,0.2409090909090909,0.5272727272727272
Mistral-Small-24B,mistralai/Mistral-Small-24B-Instruct-2501,quarantined_answer,sanitized,current_vs_archived_policy,220.0,0.990909090909091,100.0,1.0,0.0,80.0,0.0,120.0,0.9833333333333333,0.016666666666666666,0.0,0.0,1.0,0.22727272727272727,0.23636363636363636,0.5363636363636364
Mistral-Small-24B,mistralai/Mistral-Small-24B-Instruct-2501,quarantined_answer,sanitized,current_vs_old_software_docs,220.0,0.9090909090909091,100.0,1.0,0.0,80.0,0.0,120.0,0.8333333333333334,0.16666666666666666,0.05909090909090909,0.0,1.0,0.2681818181818182,0.2772727272727273,0.45454545454545453
Mistral-Small-24B,mistralai/Mistral-Small-24B-Instruct-2501,quarantined_answer,sanitized,newer_vs_older_memory,220.0,0.9590909090909091,100.0,1.0,0.0,80.0,0.0,120.0,0.925,0.075,0.0,0.0,1.0,0.23636363636363636,0.2590909090909091,0.5045454545454545
Qwen2.5-14B,Qwen/Qwen2.5-14B-Instruct,direct_answer,fact_only,current_vs_archived_policy,220.0,0.9318181818181818,100.0,0.85,0.15,80.0,0.15,120.0,1.0,0.0,0.0,0.0,1.0,0.1590909090909091,0.22727272727272727,0.6136363636363636
Qwen2.5-14B,Qwen/Qwen2.5-14B-Instruct,direct_answer,fact_only,current_vs_old_software_docs,220.0,0.9545454545454546,100.0,0.9,0.1,80.0,0.1,120.0,1.0,0.0,0.0,0.0,1.0,0.18181818181818182,0.22727272727272727,0.5909090909090909
Qwen2.5-14B,Qwen/Qwen2.5-14B-Instruct,direct_answer,fact_only,newer_vs_older_memory,220.0,0.9090909090909091,100.0,0.8,0.2,80.0,0.2,120.0,1.0,0.0,0.0,0.0,1.0,0.18181818181818182,0.18181818181818182,0.6363636363636364
Qwen2.5-14B,Qwen/Qwen2.5-14B-Instruct,direct_answer,raw,current_vs_archived_policy,220.0,0.9272727272727272,100.0,0.86,0.14,80.0,0.175,120.0,0.9833333333333333,0.016666666666666666,0.0,0.0,1.0,0.19090909090909092,0.20909090909090908,0.6
Qwen2.5-14B,Qwen/Qwen2.5-14B-Instruct,direct_answer,raw,current_vs_old_software_docs,220.0,0.8772727272727273,100.0,0.74,0.25,80.0,0.325,120.0,0.9916666666666667,0.008333333333333333,0.004545454545454545,0.0,1.0,0.1590909090909091,0.18636363636363637,0.6545454545454545
Qwen2.5-14B,Qwen/Qwen2.5-14B-Instruct,direct_answer,raw,newer_vs_older_memory,220.0,0.8727272727272727,100.0,0.76,0.24,80.0,0.3,120.0,0.9666666666666667,0.03333333333333333,0.0,0.0,1.0,0.18636363636363637,0.17727272727272728,0.6363636363636364
Qwen2.5-14B,Qwen/Qwen2.5-14B-Instruct,direct_answer,sanitized,current_vs_archived_policy,220.0,0.990909090909091,100.0,1.0,0.0,80.0,0.0,120.0,0.9833333333333333,0.016666666666666666,0.0,0.0,1.0,0.22727272727272727,0.23636363636363636,0.5363636363636364
Qwen2.5-14B,Qwen/Qwen2.5-14B-Instruct,direct_answer,sanitized,current_vs_old_software_docs,220.0,0.9954545454545455,100.0,1.0,0.0,80.0,0.0,120.0,0.9916666666666667,0.008333333333333333,0.0,0.0,1.0,0.2318181818181818,0.22727272727272727,0.5409090909090909
Qwen2.5-14B,Qwen/Qwen2.5-14B-Instruct,direct_answer,sanitized,newer_vs_older_memory,220.0,0.9772727272727273,100.0,1.0,0.0,80.0,0.0,120.0,0.9583333333333334,0.041666666666666664,0.0,0.0,1.0,0.24545454545454545,0.2318181818181818,0.5227272727272727
Qwen2.5-14B,Qwen/Qwen2.5-14B-Instruct,quarantined_answer,fact_only,current_vs_archived_policy,220.0,0.9318181818181818,100.0,0.85,0.15,80.0,0.15,120.0,1.0,0.0,0.0,0.0,1.0,0.1590909090909091,0.22727272727272727,0.6136363636363636
Qwen2.5-14B,Qwen/Qwen2.5-14B-Instruct,quarantined_answer,fact_only,current_vs_old_software_docs,220.0,0.9090909090909091,100.0,0.8,0.2,80.0,0.2,120.0,1.0,0.0,0.0,0.0,1.0,0.1590909090909091,0.20454545454545456,0.6363636363636364
Qwen2.5-14B,Qwen/Qwen2.5-14B-Instruct,quarantined_answer,fact_only,newer_vs_older_memory,220.0,0.8181818181818182,100.0,0.6,0.4,80.0,0.4,120.0,1.0,0.0,0.0,0.0,1.0,0.13636363636363635,0.13636363636363635,0.7272727272727273
Qwen2.5-14B,Qwen/Qwen2.5-14B-Instruct,quarantined_answer,raw,current_vs_archived_policy,220.0,0.9227272727272727,100.0,0.84,0.04,80.0,0.2,120.0,0.9916666666666667,0.008333333333333333,0.05454545454545454,0.0,1.0,0.21818181818181817,0.22272727272727272,0.5590909090909091
Qwen2.5-14B,Qwen/Qwen2.5-14B-Instruct,quarantined_answer,raw,current_vs_old_software_docs,220.0,0.9227272727272727,100.0,0.84,0.05,80.0,0.2,120.0,0.9916666666666667,0.008333333333333333,0.05,0.0,1.0,0.19545454545454546,0.2409090909090909,0.5636363636363636
Qwen2.5-14B,Qwen/Qwen2.5-14B-Instruct,quarantined_answer,raw,newer_vs_older_memory,220.0,0.9454545454545454,100.0,0.93,0.04,80.0,0.0875,120.0,0.9583333333333334,0.041666666666666664,0.013636363636363636,0.0,1.0,0.22727272727272727,0.2318181818181818,0.5409090909090909
Qwen2.5-14B,Qwen/Qwen2.5-14B-Instruct,quarantined_answer,sanitized,current_vs_archived_policy,220.0,0.9681818181818181,100.0,1.0,0.0,80.0,0.0,120.0,0.9416666666666667,0.058333333333333334,0.0,0.0,1.0,0.23636363636363636,0.25,0.5136363636363637
Qwen2.5-14B,Qwen/Qwen2.5-14B-Instruct,quarantined_answer,sanitized,current_vs_old_software_docs,220.0,0.9772727272727273,100.0,1.0,0.0,80.0,0.0,120.0,0.9583333333333334,0.041666666666666664,0.0,0.0,1.0,0.2409090909090909,0.23636363636363636,0.5227272727272727
Qwen2.5-14B,Qwen/Qwen2.5-14B-Instruct,quarantined_answer,sanitized,newer_vs_older_memory,220.0,0.95,100.0,1.0,0.0,80.0,0.0,120.0,0.9083333333333333,0.09166666666666666,0.0,0.0,1.0,0.2545454545454545,0.25,0.4954545454545455
Qwen2.5-32B,Qwen/Qwen2.5-32B-Instruct,direct_answer,fact_only,current_vs_archived_policy,220.0,1.0,100.0,1.0,0.0,80.0,0.0,120.0,1.0,0.0,0.0,0.0,1.0,0.22727272727272727,0.22727272727272727,0.5454545454545454
Qwen2.5-32B,Qwen/Qwen2.5-32B-Instruct,direct_answer,fact_only,current_vs_old_software_docs,220.0,1.0,100.0,1.0,0.0,80.0,0.0,120.0,1.0,0.0,0.0,0.0,1.0,0.22727272727272727,0.22727272727272727,0.5454545454545454
Qwen2.5-32B,Qwen/Qwen2.5-32B-Instruct,direct_answer,fact_only,newer_vs_older_memory,220.0,1.0,100.0,1.0,0.0,80.0,0.0,120.0,1.0,0.0,0.0,0.0,1.0,0.22727272727272727,0.22727272727272727,0.5454545454545454
Qwen2.5-32B,Qwen/Qwen2.5-32B-Instruct,direct_answer,raw,current_vs_archived_policy,220.0,0.8181818181818182,100.0,0.8,0.0,80.0,0.25,120.0,0.8333333333333334,0.16666666666666666,0.09090909090909091,0.0,1.0,0.2727272727272727,0.2727272727272727,0.45454545454545453
Qwen2.5-32B,Qwen/Qwen2.5-32B-Instruct,direct_answer,raw,current_vs_old_software_docs,220.0,0.8181818181818182,100.0,0.8,0.1,80.0,0.25,120.0,0.8333333333333334,0.16666666666666666,0.045454545454545456,0.0,1.0,0.25,0.25,0.5
Qwen2.5-32B,Qwen/Qwen2.5-32B-Instruct,direct_answer,raw,newer_vs_older_memory,220.0,0.8045454545454546,100.0,0.81,0.14,80.0,0.2375,120.0,0.8,0.2,0.03636363636363636,0.0,1.0,0.2590909090909091,0.2409090909090909,0.5
Qwen2.5-32B,Qwen/Qwen2.5-32B-Instruct,direct_answer,sanitized,current_vs_archived_policy,220.0,0.9090909090909091,100.0,1.0,0.0,80.0,0.0,120.0,0.8333333333333334,0.16666666666666666,0.0,0.0,1.0,0.2727272727272727,0.2727272727272727,0.45454545454545453
Qwen2.5-32B,Qwen/Qwen2.5-32B-Instruct,direct_answer,sanitized,current_vs_old_software_docs,220.0,0.9090909090909091,100.0,1.0,0.0,80.0,0.0,120.0,0.8333333333333334,0.16666666666666666,0.0,0.0,1.0,0.2727272727272727,0.2727272727272727,0.45454545454545453
Qwen2.5-32B,Qwen/Qwen2.5-32B-Instruct,direct_answer,sanitized,newer_vs_older_memory,220.0,0.9,100.0,1.0,0.0,80.0,0.0,120.0,0.8166666666666667,0.18333333333333332,0.0,0.0,1.0,0.2818181818181818,0.2727272727272727,0.44545454545454544
Qwen2.5-32B,Qwen/Qwen2.5-32B-Instruct,quarantined_answer,fact_only,current_vs_archived_policy,220.0,1.0,100.0,1.0,0.0,80.0,0.0,120.0,1.0,0.0,0.0,0.0,1.0,0.22727272727272727,0.22727272727272727,0.5454545454545454
Qwen2.5-32B,Qwen/Qwen2.5-32B-Instruct,quarantined_answer,fact_only,current_vs_old_software_docs,220.0,1.0,100.0,1.0,0.0,80.0,0.0,120.0,1.0,0.0,0.0,0.0,1.0,0.22727272727272727,0.22727272727272727,0.5454545454545454
Qwen2.5-32B,Qwen/Qwen2.5-32B-Instruct,quarantined_answer,fact_only,newer_vs_older_memory,220.0,1.0,100.0,1.0,0.0,80.0,0.0,120.0,1.0,0.0,0.0,0.0,1.0,0.22727272727272727,0.22727272727272727,0.5454545454545454
Qwen2.5-32B,Qwen/Qwen2.5-32B-Instruct,quarantined_answer,raw,current_vs_archived_policy,220.0,0.8681818181818182,100.0,0.8,0.11,80.0,0.25,120.0,0.925,0.075,0.04090909090909091,0.0,1.0,0.20909090909090908,0.23636363636363636,0.5545454545454546
Qwen2.5-32B,Qwen/Qwen2.5-32B-Instruct,quarantined_answer,raw,current_vs_old_software_docs,220.0,0.9,100.0,0.78,0.21,80.0,0.275,120.0,1.0,0.0,0.004545454545454545,0.0,1.0,0.17727272727272728,0.18181818181818182,0.6409090909090909
Qwen2.5-32B,Qwen/Qwen2.5-32B-Instruct,quarantined_answer,raw,newer_vs_older_memory,220.0,0.8409090909090909,100.0,0.8,0.18,80.0,0.25,120.0,0.875,0.125,0.00909090909090909,0.0,1.0,0.21818181818181817,0.22272727272727272,0.5590909090909091
Qwen2.5-32B,Qwen/Qwen2.5-32B-Instruct,quarantined_answer,sanitized,current_vs_archived_policy,220.0,0.9090909090909091,100.0,1.0,0.0,80.0,0.0,120.0,0.8333333333333334,0.16666666666666666,0.0,0.0,1.0,0.2727272727272727,0.2727272727272727,0.45454545454545453
Qwen2.5-32B,Qwen/Qwen2.5-32B-Instruct,quarantined_answer,sanitized,current_vs_old_software_docs,220.0,0.9181818181818182,100.0,1.0,0.0,80.0,0.0,120.0,0.85,0.15,0.0,0.0,1.0,0.2681818181818182,0.2681818181818182,0.4636363636363636
Qwen2.5-32B,Qwen/Qwen2.5-32B-Instruct,quarantined_answer,sanitized,newer_vs_older_memory,220.0,0.9090909090909091,100.0,1.0,0.0,80.0,0.0,120.0,0.8333333333333334,0.16666666666666666,0.0,0.0,1.0,0.2727272727272727,0.2727272727272727,0.45454545454545453
Qwen2.5-7B,Qwen/Qwen2.5-7B-Instruct,direct_answer,fact_only,current_vs_archived_policy,220.0,1.0,100.0,1.0,0.0,80.0,0.0,120.0,1.0,0.0,0.0,0.0,1.0,0.22727272727272727,0.22727272727272727,0.5454545454545454
Qwen2.5-7B,Qwen/Qwen2.5-7B-Instruct,direct_answer,fact_only,current_vs_old_software_docs,220.0,1.0,100.0,1.0,0.0,80.0,0.0,120.0,1.0,0.0,0.0,0.0,1.0,0.22727272727272727,0.22727272727272727,0.5454545454545454
Qwen2.5-7B,Qwen/Qwen2.5-7B-Instruct,direct_answer,fact_only,newer_vs_older_memory,220.0,0.9772727272727273,100.0,0.95,0.0,80.0,0.05,120.0,1.0,0.0,0.022727272727272728,0.0,1.0,0.25,0.20454545454545456,0.5454545454545454
Qwen2.5-7B,Qwen/Qwen2.5-7B-Instruct,direct_answer,raw,current_vs_archived_policy,220.0,0.6454545454545455,100.0,0.81,0.1,80.0,0.2375,120.0,0.5083333333333333,0.49166666666666664,0.15,0.0,1.0,0.2863636363636364,0.39090909090909093,0.32272727272727275
Qwen2.5-7B,Qwen/Qwen2.5-7B-Instruct,direct_answer,raw,current_vs_old_software_docs,220.0,0.7090909090909091,100.0,0.82,0.1,80.0,0.225,120.0,0.6166666666666667,0.38333333333333336,0.1,0.0,1.0,0.2590909090909091,0.35909090909090907,0.38181818181818183
Qwen2.5-7B,Qwen/Qwen2.5-7B-Instruct,direct_answer,raw,newer_vs_older_memory,220.0,0.6909090909090909,100.0,0.73,0.09,80.0,0.2875,120.0,0.6583333333333333,0.3416666666666667,0.12272727272727273,0.0,1.0,0.31363636363636366,0.2863636363636364,0.4
Qwen2.5-7B,Qwen/Qwen2.5-7B-Instruct,direct_answer,sanitized,current_vs_archived_policy,220.0,0.8045454545454546,100.0,1.0,0.0,80.0,0.0,120.0,0.6416666666666667,0.35833333333333334,0.10454545454545454,0.0,1.0,0.3,0.35,0.35
Qwen2.5-7B,Qwen/Qwen2.5-7B-Instruct,direct_answer,sanitized,current_vs_old_software_docs,220.0,0.7636363636363637,100.0,1.0,0.0,80.0,0.0,120.0,0.5666666666666667,0.43333333333333335,0.14545454545454545,0.0,1.0,0.33181818181818185,0.35909090909090907,0.3090909090909091
Qwen2.5-7B,Qwen/Qwen2.5-7B-Instruct,direct_answer,sanitized,newer_vs_older_memory,220.0,0.8,100.0,0.76,0.0,80.0,0.25,120.0,0.8333333333333334,0.16666666666666666,0.10909090909090909,0.0,1.0,0.38181818181818183,0.16363636363636364,0.45454545454545453
Qwen2.5-7B,Qwen/Qwen2.5-7B-Instruct,quarantined_answer,fact_only,current_vs_archived_policy,220.0,1.0,100.0,1.0,0.0,80.0,0.0,120.0,1.0,0.0,0.0,0.0,1.0,0.22727272727272727,0.22727272727272727,0.5454545454545454
Qwen2.5-7B,Qwen/Qwen2.5-7B-Instruct,quarantined_answer,fact_only,current_vs_old_software_docs,220.0,1.0,100.0,1.0,0.0,80.0,0.0,120.0,1.0,0.0,0.0,0.0,1.0,0.22727272727272727,0.22727272727272727,0.5454545454545454
Qwen2.5-7B,Qwen/Qwen2.5-7B-Instruct,quarantined_answer,fact_only,newer_vs_older_memory,220.0,0.9772727272727273,100.0,0.95,0.0,80.0,0.05,120.0,1.0,0.0,0.022727272727272728,0.0,1.0,0.25,0.20454545454545456,0.5454545454545454
Qwen2.5-7B,Qwen/Qwen2.5-7B-Instruct,quarantined_answer,raw,current_vs_archived_policy,220.0,0.5636363636363636,100.0,0.86,0.09,80.0,0.175,120.0,0.31666666666666665,0.6833333333333333,0.21818181818181817,0.0,1.0,0.4,0.38636363636363635,0.21363636363636362
Qwen2.5-7B,Qwen/Qwen2.5-7B-Instruct,quarantined_answer,raw,current_vs_old_software_docs,220.0,0.6227272727272727,100.0,0.93,0.06,80.0,0.0875,120.0,0.36666666666666664,0.6333333333333333,0.16363636363636364,0.0,1.0,0.37272727272727274,0.4,0.22727272727272727
Qwen2.5-7B,Qwen/Qwen2.5-7B-Instruct,quarantined_answer,raw,newer_vs_older_memory,220.0,0.65,100.0,0.76,0.11,80.0,0.25,120.0,0.5583333333333333,0.44166666666666665,0.12727272727272726,0.0,1.0,0.36818181818181817,0.2772727272727273,0.35454545454545455
Qwen2.5-7B,Qwen/Qwen2.5-7B-Instruct,quarantined_answer,sanitized,current_vs_archived_policy,220.0,0.7454545454545455,100.0,1.0,0.0,80.0,0.0,120.0,0.5333333333333333,0.4666666666666667,0.16363636363636364,0.0,1.0,0.35909090909090907,0.35,0.2909090909090909
Qwen2.5-7B,Qwen/Qwen2.5-7B-Instruct,quarantined_answer,sanitized,current_vs_old_software_docs,220.0,0.7454545454545455,100.0,1.0,0.0,80.0,0.0,120.0,0.5333333333333333,0.4666666666666667,0.15454545454545454,0.0,1.0,0.3409090909090909,0.36818181818181817,0.2909090909090909
Qwen2.5-7B,Qwen/Qwen2.5-7B-Instruct,quarantined_answer,sanitized,newer_vs_older_memory,220.0,0.8181818181818182,100.0,0.8,0.0,80.0,0.2,120.0,0.8333333333333334,0.16666666666666666,0.09090909090909091,0.0,1.0,0.36363636363636365,0.18181818181818182,0.45454545454545453
